;account_id;match_id;team_id;role;datetime;win;win_prob;prediction;isCorrect
0;82327674;3372726385;1375614.0;1.0;13.08.2017 03:12:57;False;0.4755095745832582;False;True
6;82327674;3362390555;1375614.0;1.0;08.08.2017 01:14:35;True;0.5016742510503626;True;True
7;82327674;3358205135;1375614.0;1.0;05.08.2017 23:50:33;True;0.7258184624045303;True;True
8;82327674;3358105051;1375614.0;1.0;05.08.2017 22:26:41;True;0.46249898245853127;False;False
15;82327674;3356148145;1375614.0;1.0;05.08.2017 01:39:36;True;0.25244990556616526;False;False
23;82327674;3354120039;1375614.0;1.0;04.08.2017 00:21:27;True;0.9879445927847614;True;True
32;82327674;3352200165;1375614.0;1.0;02.08.2017 22:32:24;False;0.20473872353005954;False;True
33;82327674;3352140562;1375614.0;1.0;02.08.2017 21:37:52;True;0.9839026911377411;True;True
94;19672354;3358183864;2586976.0;1.0;05.08.2017 23:30:32;False;0.0030431578189129282;False;True
97;19672354;3357781916;2586976.0;1.0;05.08.2017 19:00:22;False;0.007127467191884004;False;True
107;19672354;3354118306;2586976.0;1.0;04.08.2017 00:19:03;True;0.8760514662185437;True;True
111;19672354;3352405556;2586976.0;1.0;03.08.2017 02:37:30;True;0.8101796672140075;True;True
364;72312627;3372455628;2163.0;1.0;12.08.2017 22:53:26;True;0.0968941798813193;False;False
365;72312627;3372386596;2163.0;1.0;12.08.2017 21:59:04;True;0.8942500795776851;True;True
367;72312627;3368300783;2163.0;1.0;11.08.2017 04:44:30;True;0.05339205077216034;False;False
368;132851371;3368158118;1883502.0;1.0;11.08.2017 01:32:37;False;0.6792895818546995;True;False
379;180012313;3355938154;2581813.0;1.0;04.08.2017 22:20:17;False;0.01830248312993463;False;True
383;86745912;3352462460;39.0;1.0;03.08.2017 03:54:42;False;0.04260031125701042;False;True
384;194521913;3352455755;NaN;1.0;03.08.2017 03:44:26;False;0.12578446559979486;False;True
385;132851371;3352383050;1883502.0;1.0;03.08.2017 01:59:51;True;0.9034866972211228;True;True
386;180012313;3352323980;2581813.0;1.0;03.08.2017 00:38:48;True;0.767329829648259;True;True
396;315657960;3280569987;NaN;1.0;29.06.2017 07:57:17;False;0.04353777092710284;False;True
397;315657960;3280349437;NaN;1.0;29.06.2017 04:28:05;True;0.9370059019432992;True;True
412;315657960;3278794972;NaN;1.0;28.06.2017 10:45:20;True;0.997475480102204;True;True
413;126417273;3278536469;2880140.0;1.0;28.06.2017 07:20:58;True;0.9944959415876647;True;True
438;126417273;3276455223;2880140.0;1.0;27.06.2017 06:04:17;True;0.9952876111619762;True;True
450;194521913;3275738929;NaN;1.0;26.06.2017 19:19:18;True;0.8138957299904211;True;True
458;101450083;3275011120;1838315.0;1.0;26.06.2017 13:09:31;True;0.9268978451863519;True;True
463;180012313;3274393974;2581813.0;1.0;26.06.2017 06:01:32;False;0.0546324316742923;False;True
482;19672354;3368083254;2586976.0;1.0;11.08.2017 00:10:11;False;0.022224620674988697;False;True
483;86751819;3358228417;1846548.0;1.0;06.08.2017 00:07:41;False;0.024465163736476267;False;True
484;180012313;3357781916;2581813.0;1.0;05.08.2017 19:00:22;True;0.9990127042714557;True;True
485;90892734;3355944219;5.0;1.0;04.08.2017 22:29:17;True;0.9753145423868959;True;True
486;194521913;3355640875;NaN;1.0;04.08.2017 19:02:07;False;0.04148593961239388;False;True
487;194521913;3354162376;NaN;1.0;04.08.2017 01:07:51;True;0.9481090384900617;True;True
488;194521913;3353935410;NaN;1.0;03.08.2017 21:30:42;False;0.47269854412845413;False;True
489;194521913;3352501269;NaN;1.0;03.08.2017 04:48:13;True;0.8704492887034649;True;True
490;43276219;3352190511;1333179.0;1.0;02.08.2017 22:23:57;False;0.009211517675568463;False;True
491;43276219;3352119361;1333179.0;1.0;02.08.2017 21:10:35;False;0.13439236600691642;False;True
492;132309493;3351963840;2108395.0;1.0;02.08.2017 19:01:53;False;0.21653968180008343;False;True
493;194521913;3282243909;NaN;1.0;30.06.2017 01:28:42;True;0.9569739681341359;True;True
498;180012313;3280581397;2581813.0;1.0;29.06.2017 08:06:52;True;0.8994791432239205;True;True
499;180012313;3280507299;2581813.0;1.0;29.06.2017 07:03:00;False;0.12736701939288106;False;True
501;194521913;3280117786;NaN;1.0;28.06.2017 23:53:23;True;0.73234439205957;True;True
502;194521913;3279907240;NaN;1.0;28.06.2017 21:04:16;True;0.9619892830234908;True;True
503;137193239;3279392401;2640025.0;1.0;28.06.2017 16:24:15;True;0.40664590983578025;False;False
505;137193239;3278707616;2640025.0;1.0;28.06.2017 09:43:04;True;0.7008338411594974;True;True
507;137193239;3278548190;2640025.0;1.0;28.06.2017 07:31:50;True;0.9979472037333766;True;True
528;86725175;3276333514;46.0;1.0;27.06.2017 03:51:13;False;0.11113982207113995;False;True
532;194521913;3276156941;NaN;1.0;27.06.2017 00:20:06;True;0.07883104747665848;False;False
543;132309493;3274669416;2108395.0;1.0;26.06.2017 09:40:02;True;0.8240612673483344;True;True
638;82327674;3372676225;1375614.0;1.0;13.08.2017 02:13:08;False;0.24129932189369258;False;True
658;82327674;3356100221;1375614.0;1.0;05.08.2017 00:45:36;True;0.6919571967235822;True;True
670;82327674;3353737069;1375614.0;1.0;03.08.2017 19:01:52;True;0.7346564918695718;True;True
675;82327674;3352382741;1375614.0;1.0;03.08.2017 01:58:07;True;0.6557484813716961;True;True
854;72312627;3372726385;2163.0;1.0;13.08.2017 03:12:57;True;0.8623346875301736;True;True
855;72312627;3372676225;2163.0;1.0;13.08.2017 02:13:08;True;0.6893784323340807;True;True
856;72312627;3370307979;2163.0;1.0;12.08.2017 02:59:20;True;0.3497448856483796;False;False
857;19672354;3368387319;2586976.0;1.0;11.08.2017 06:20:14;False;0.03260777152488392;False;True
858;132851371;3368249009;1883502.0;1.0;11.08.2017 03:39:37;True;0.9642373946770321;True;True
862;19672354;3365858882;2586976.0;1.0;09.08.2017 20:30:02;True;0.6569217562494484;True;True
863;72312627;3364351128;2163.0;1.0;09.08.2017 03:09:04;True;0.37425702832106195;False;False
867;90892734;3358299746;5.0;1.0;06.08.2017 01:15:54;False;0.3815350126355126;False;True
868;72312627;3358109772;2163.0;1.0;05.08.2017 22:28:45;True;0.8779434278004911;True;True
870;86745912;3358044227;39.0;1.0;05.08.2017 21:40:15;True;0.8262517828536603;True;True
872;72312627;3356308437;2163.0;1.0;05.08.2017 04:53:06;True;0.9404922806323914;True;True
873;19672354;3356137447;2586976.0;1.0;05.08.2017 01:31:02;True;0.8637901004519076;True;True
874;86751819;3356100221;1846548.0;1.0;05.08.2017 00:45:36;False;0.04337574675523427;False;True
875;72312627;3356044327;2163.0;1.0;04.08.2017 23:49:37;True;0.9747989859871308;True;True
876;101450083;3356007093;1838315.0;1.0;04.08.2017 23:25:41;True;0.9463641401784121;True;True
877;132851371;3354159000;1883502.0;1.0;04.08.2017 01:02:49;True;0.9492307837568137;True;True
878;86725175;3352501269;46.0;1.0;03.08.2017 04:48:13;False;0.02725937282326131;False;True
880;101450083;3352320088;1838315.0;1.0;03.08.2017 00:36:45;False;0.3062416486897986;False;True
881;86745912;3352291980;39.0;1.0;03.08.2017 00:02:08;True;0.8586888248849437;True;True
883;90892734;3352140562;5.0;1.0;02.08.2017 21:37:52;False;0.18676767320695578;False;True
884;101450083;3351993496;1838315.0;1.0;02.08.2017 19:26:10;False;0.41164114296547144;False;True
885;72312627;3351961375;2163.0;1.0;02.08.2017 19:06:08;True;0.3263822394649831;False;False
893;43276219;3278470259;1333179.0;1.0;28.06.2017 06:13:57;True;0.653764198093603;True;True
898;43276219;3277914056;1333179.0;1.0;27.06.2017 20:56:05;True;0.9717126498206045;True;True
900;101450083;3277691703;1838315.0;1.0;27.06.2017 18:39:22;True;0.7509040287573142;True;True
903;101450083;3276820653;1838315.0;1.0;27.06.2017 11:02:50;True;0.864463921527855;True;True
913;126417273;3274393974;2880140.0;1.0;26.06.2017 06:01:32;True;0.971654588125128;True;True
921;137193239;3357986778;2640025.0;1.0;05.08.2017 20:59:53;False;0.029073960838520478;False;True
956;82327674;3353852872;1375614.0;1.0;03.08.2017 20:26:53;False;0.24209459847644857;False;True
1033;101450083;3364267872;1838315.0;1.0;09.08.2017 01:16:50;True;0.9698204219247123;True;True
1048;126417273;3354214459;2880140.0;1.0;04.08.2017 02:14:49;True;0.8305821012619362;True;True
1156;194521913;3276246388;NaN;1.0;27.06.2017 01:58:11;False;0.43519470620780343;False;True
1192;126417273;3274557442;2880140.0;1.0;26.06.2017 08:19:31;True;0.8705114999400936;True;True
1302;86725175;3367897602;46.0;1.0;10.08.2017 21:27:56;False;0.7452596247790798;True;False
1305;180012313;3356274394;2581813.0;1.0;05.08.2017 04:19:59;False;0.08138173510178202;False;True
1307;132309493;3356203606;2108395.0;1.0;05.08.2017 02:51:29;True;0.8616546148947333;True;True
1308;86725175;3356083896;46.0;1.0;05.08.2017 00:30:57;False;0.12711314539124713;False;True
1310;132851371;3354101340;1883502.0;1.0;04.08.2017 00:06:05;False;0.068365639561197;False;True
1311;132851371;3353838092;1883502.0;1.0;03.08.2017 20:14:37;False;0.024640431382435844;False;True
1314;194521913;3352320088;NaN;1.0;03.08.2017 00:36:45;True;0.9943442621958077;True;True
1320;180012313;3278536469;2581813.0;1.0;28.06.2017 07:20:58;False;0.044947922497089406;False;True
1330;132309493;3276481968;2108395.0;1.0;27.06.2017 06:31:15;True;0.9756582741743045;True;True
1335;132309493;3274816116;2108395.0;1.0;26.06.2017 11:12:51;True;0.9840735900221996;True;True
1336;82327674;3372622939;1375614.0;1.0;13.08.2017 01:17:48;False;0.2609925933061755;False;True
1339;82327674;3366166505;1375614.0;1.0;10.08.2017 01:00:06;True;0.26887911276366266;False;False
1521;90892734;3366236403;5.0;1.0;10.08.2017 02:21:53;True;0.9750457341896469;True;True
1523;19672354;3357885749;2586976.0;1.0;05.08.2017 19:55:42;True;0.5706985857763806;True;True
1526;90892734;3354123160;5.0;1.0;04.08.2017 00:29:10;False;0.02795451961270997;False;True
1528;148215639;3352409888;3331948.0;1.0;03.08.2017 02:36:05;True;0.9454373725917171;True;True
1529;126417273;3352327788;2880140.0;1.0;03.08.2017 00:42:13;False;0.17499802585719434;False;True
1534;194521913;3280170927;NaN;1.0;29.06.2017 00:45:44;True;0.8758489714449571;True;True
1541;126417273;3278950978;2880140.0;1.0;28.06.2017 12:24:07;True;0.8727068644175917;True;True
1543;148215639;3278779071;3331948.0;1.0;28.06.2017 10:34:38;True;0.9952574840245162;True;True
1563;126417273;3275492852;2880140.0;1.0;26.06.2017 17:13:46;True;0.9795436519558129;True;True
1836;194521913;3362609879;NaN;1.0;08.08.2017 06:02:12;False;0.02548125368599409;False;True
1838;132851371;3358232771;1883502.0;1.0;06.08.2017 00:16:10;False;0.038796413332958114;False;True
1839;90892734;3357776843;5.0;1.0;05.08.2017 19:07:00;True;0.9312747135482944;True;True
1840;90892734;3356189302;5.0;1.0;05.08.2017 02:50:49;True;0.9999788915772041;True;True
1842;137193239;3355657953;2640025.0;1.0;04.08.2017 19:00:43;False;0.0691426616441402;False;True
1844;90892734;3354341710;5.0;1.0;04.08.2017 05:02:36;True;0.9982714285291937;True;True
1845;148215639;3354284596;3331948.0;1.0;04.08.2017 03:57:55;True;0.9249879129666809;True;True
1846;86751819;3354249527;1846548.0;1.0;04.08.2017 03:04:45;False;0.009649697736090498;False;True
1847;86751819;3354118306;1846548.0;1.0;04.08.2017 00:19:03;False;0.11630383014507989;False;True
1848;194521913;3354000170;NaN;1.0;03.08.2017 22:26:45;False;0.029681985924178835;False;True
1849;132851371;3352323980;1883502.0;1.0;03.08.2017 00:38:48;False;0.34939539474838316;False;True
1850;126417273;3352286942;2880140.0;1.0;02.08.2017 23:55:41;False;0.1173887369480756;False;True
1851;148215639;3352237075;3331948.0;1.0;02.08.2017 23:05:25;True;0.9353650688767726;True;True
1858;86751819;3281703281;1846548.0;1.0;29.06.2017 18:45:36;True;0.9996075160592727;True;True
1876;148215639;3277141049;3331948.0;1.0;27.06.2017 14:09:39;False;0.1544799779516013;False;True
1886;86751819;3275764122;1846548.0;1.0;26.06.2017 19:33:52;True;0.9433620762811349;True;True
1888;101450083;3275683703;1838315.0;1.0;26.06.2017 18:48:44;True;0.9160684044455433;True;True
1890;101450083;3275563733;1838315.0;1.0;26.06.2017 17:47:51;True;0.9836826079743558;True;True
1894;86751819;3274908009;1846548.0;1.0;26.06.2017 12:08:08;True;0.9904307330667989;True;True
1933;43276219;3278690226;1333179.0;1.0;28.06.2017 09:29:48;True;0.998204948836454;True;True
1937;86725175;3277922412;46.0;1.0;27.06.2017 21:01:53;True;0.9992690041027855;True;True
2007;72312627;3372622939;2163.0;1.0;13.08.2017 01:17:48;True;0.9878636334800093;True;True
2008;148215639;3372269708;3331948.0;1.0;12.08.2017 20:33:56;True;0.9654405301967411;True;True
2009;90892734;3369930606;5.0;1.0;11.08.2017 21:19:50;False;0.17461561756625135;False;True
2010;72312627;3367897602;2163.0;1.0;10.08.2017 21:27:56;True;0.8739125825818378;True;True
2011;315657960;3362675038;NaN;1.0;08.08.2017 07:16:56;True;0.9869420112440218;True;True
2015;148215639;3354123160;3331948.0;1.0;04.08.2017 00:29:10;True;0.9832395303981674;True;True
2016;180012313;3354063346;2581813.0;1.0;03.08.2017 23:25:16;False;0.05173118870450168;False;True
2017;86751819;3354058128;1846548.0;1.0;03.08.2017 23:21:44;False;0.0273095845881157;False;True
2018;180012313;3352237075;2581813.0;1.0;02.08.2017 23:05:25;False;0.2698802930620134;False;True
2019;315657960;3352153962;NaN;1.0;02.08.2017 21:44:38;False;0.1093345355088035;False;True
2020;126417273;3352045427;2880140.0;1.0;02.08.2017 20:06:25;False;0.039581825843224984;False;True
2022;315657960;3282412777;NaN;1.0;30.06.2017 04:46:22;True;0.9890953938702665;True;True
2024;86751819;3281300755;1846548.0;1.0;29.06.2017 15:34:59;True;0.9752909305638502;True;True
2035;315657960;3278279523;NaN;1.0;28.06.2017 02:25:06;False;0.012163636860549302;False;True
2043;86751819;3277032932;1846548.0;1.0;27.06.2017 13:09:03;True;0.9830942077284993;True;True
2046;180012313;3276550251;2581813.0;1.0;27.06.2017 07:36:46;False;0.01641196586890156;False;True
2047;315657960;3276531419;NaN;1.0;27.06.2017 07:19:47;True;0.9956643424664466;True;True
2048;194521913;3276529430;NaN;1.0;27.06.2017 07:18:02;True;0.40417594220469527;False;False
2050;43276219;3276160699;1333179.0;1.0;27.06.2017 00:23:38;True;0.8869602099535301;True;True
2051;315657960;3276010559;NaN;1.0;26.06.2017 22:21:45;True;0.9260517377639729;True;True
2055;43276219;3275918719;1333179.0;1.0;26.06.2017 21:15:13;True;0.9744568008661203;True;True
2058;180012313;3275206476;2581813.0;1.0;26.06.2017 14:57:19;True;0.999250835697475;True;True
2256;82327674;3355859622;1375614.0;1.0;04.08.2017 21:22:36;False;0.014135859691256233;False;True
2325;148215639;3372455628;3331948.0;1.0;12.08.2017 22:53:26;False;0.9669488835054951;True;False
2327;148215639;3370213472;3331948.0;1.0;12.08.2017 01:10:42;False;0.12895694329386415;False;True
2328;148215639;3366363258;3331948.0;1.0;10.08.2017 05:03:37;True;0.9450124518198328;True;True
2329;148215639;3358183864;3331948.0;1.0;05.08.2017 23:30:32;True;0.9311145421982628;True;True
2331;137193239;3356461133;2640025.0;1.0;05.08.2017 07:06:45;True;0.9930922905013843;True;True
2332;90892734;3356137447;5.0;1.0;05.08.2017 01:31:02;False;0.06888296277600806;False;True
2334;86725175;3353916502;46.0;1.0;03.08.2017 21:14:52;False;0.4765983054935316;False;True
2339;148215639;3372386596;3331948.0;1.0;12.08.2017 21:59:04;False;0.0066569135338489255;False;True
2340;86745912;3364482110;39.0;1.0;09.08.2017 05:51:17;False;0.19676222434376675;False;True
2341;148215639;3363973439;3331948.0;1.0;08.08.2017 20:41:21;True;0.9664157256112388;True;True
2342;315657960;3357776957;NaN;1.0;05.08.2017 19:00:24;False;0.6624991729953401;True;False
2343;126417273;3356461133;2880140.0;1.0;05.08.2017 07:06:45;False;0.09311035024733845;False;True
2344;126417273;3356371427;2880140.0;1.0;05.08.2017 05:55:03;True;0.9270493811152487;True;True
2345;43276219;3356214219;1333179.0;1.0;05.08.2017 03:08:38;False;0.0279359946033046;False;True
2346;90892734;3355853872;5.0;1.0;04.08.2017 21:19:29;True;0.9967438673304568;True;True
2347;19672354;3354286673;2586976.0;1.0;04.08.2017 03:57:07;False;0.028164184807098237;False;True
2348;137193239;3354180190;2640025.0;1.0;04.08.2017 01:31:59;False;0.0374463937958978;False;True
2349;148215639;3354057627;3331948.0;1.0;03.08.2017 23:24:35;True;0.9509820806234227;True;True
2353;86751819;3281806883;1846548.0;1.0;29.06.2017 19:42:45;False;0.18618558075909217;False;True
2354;148215639;3280816387;3331948.0;1.0;29.06.2017 10:58:14;True;0.931580577233435;True;True
2361;126417273;3277609129;2880140.0;1.0;27.06.2017 17:57:24;False;0.09506457095216972;False;True
2437;126417273;3356066834;2880140.0;1.0;05.08.2017 00:13:34;False;0.2898393721820957;False;True
2484;180012313;3280779062;2581813.0;1.0;29.06.2017 10:33:24;False;0.13534891612741762;False;True
2509;126417273;3278458053;2880140.0;1.0;28.06.2017 06:01:21;True;0.9414433398894408;True;True
2529;180012313;3277744144;2581813.0;1.0;27.06.2017 19:08:37;True;0.9538906443753229;True;True
2714;72312627;3372269708;2163.0;1.0;12.08.2017 20:33:56;False;0.49176076926569406;False;True
2715;72312627;3362247584;2163.0;1.0;07.08.2017 22:42:49;False;0.016854203305184834;False;True
2717;72312627;3356102779;2163.0;1.0;05.08.2017 00:49:23;False;0.009071134698983166;False;True
2720;90892734;3354292598;5.0;1.0;04.08.2017 04:04:38;False;0.18294843083198273;False;True
2721;72312627;3353935410;2163.0;1.0;03.08.2017 21:30:42;True;0.9968558370390923;True;True
2722;101450083;3353935010;1838315.0;1.0;03.08.2017 21:31:47;True;0.412683422597268;False;False
2723;86745912;3352505678;39.0;1.0;03.08.2017 04:52:31;True;0.9988421541016106;True;True
2728;86725175;3277830387;46.0;1.0;27.06.2017 20:00:59;True;0.9677039619085424;True;True
2735;132309493;3276779761;2108395.0;1.0;27.06.2017 10:36:11;True;0.9767407253026779;True;True
2868;86745912;3362331228;39.0;1.0;08.08.2017 00:07:05;False;0.10037957803741203;False;True
2878;315657960;3353837163;NaN;1.0;03.08.2017 20:13:37;False;0.031014044783249317;False;True
2891;126417273;3276940060;2880140.0;1.0;27.06.2017 12:16:42;True;0.6452694348311786;True;True
2899;101450083;3277794775;1838315.0;1.0;27.06.2017 19:38:29;True;0.701401457076048;True;True
2906;82327674;3366289447;1375614.0;1.0;10.08.2017 03:33:35;True;0.6212697614168337;True;True
2922;82327674;3354063346;1375614.0;1.0;03.08.2017 23:25:16;True;0.9073799946000278;True;True
2924;82327674;3352416060;1375614.0;1.0;03.08.2017 02:50:47;True;0.46764901019088184;False;False
2958;72312627;3370363807;2163.0;1.0;12.08.2017 04:00:48;True;0.9404663091824952;True;True
2959;72312627;3367820228;2163.0;1.0;10.08.2017 20:27:49;True;0.943311622716119;True;True
2961;72312627;3358011344;2163.0;1.0;05.08.2017 21:15:39;True;0.8452522232017653;True;True
2962;72312627;3354210396;2163.0;1.0;04.08.2017 02:07:53;False;0.03593297795603327;False;True
2963;72312627;3352462460;2163.0;1.0;03.08.2017 03:54:42;True;0.9351442655865339;True;True
2979;132309493;3352043080;2108395.0;1.0;02.08.2017 20:05:14;True;0.9969810404541203;True;True
3033;86745912;3355760651;39.0;1.0;04.08.2017 20:07:40;False;0.0833397056955475;False;True
3096;82327674;3370213472;1375614.0;1.0;12.08.2017 01:10:42;True;0.9750215939698823;True;True
3103;82327674;3362331228;1375614.0;1.0;08.08.2017 00:07:05;True;0.8624121796067769;True;True
3236;101450083;3358011344;1838315.0;1.0;05.08.2017 21:15:39;False;0.1508289808235685;False;True
3245;315657960;3282553363;NaN;1.0;30.06.2017 07:00:15;True;0.7902186059734174;True;True
3246;315657960;3282475291;NaN;1.0;30.06.2017 05:48:02;True;0.9820046827020181;True;True
3247;315657960;3282263076;NaN;1.0;30.06.2017 01:51:02;True;0.9436416910383751;True;True
3259;315657960;3279990287;NaN;1.0;28.06.2017 22:06:32;True;0.6725553748355309;True;True
3270;43276219;3278326373;1333179.0;1.0;28.06.2017 03:28:05;True;0.7725462455962603;True;True
3283;148215639;3276799406;3331948.0;1.0;27.06.2017 10:49:13;False;0.03157116656066491;False;True
3296;101450083;3276025150;1838315.0;1.0;26.06.2017 22:32:03;False;0.0004822512243529094;False;True
3506;148215639;3370154221;3331948.0;1.0;12.08.2017 00:11:51;True;0.9883389947290885;True;True
3507;86751819;3357776843;1846548.0;1.0;05.08.2017 19:07:00;False;0.011817381673403878;False;True
3508;148215639;3355934709;3331948.0;1.0;04.08.2017 22:18:45;True;0.8156323355716472;True;True
3510;86751819;3281439600;1846548.0;1.0;29.06.2017 16:39:20;True;0.9366487783829862;True;True
3511;86725175;3280349437;46.0;1.0;29.06.2017 04:28:05;False;0.16888430953408692;False;True
3514;148215639;3279200648;3331948.0;1.0;28.06.2017 14:50:26;False;0.35637896442378064;False;True
3517;148215639;3277526459;3331948.0;1.0;27.06.2017 17:17:51;True;0.8031095560472935;True;True
3518;86751819;3277147265;1846548.0;1.0;27.06.2017 14:12:55;False;0.1642046982947913;False;True
3523;86751819;3274794292;1846548.0;1.0;26.06.2017 10:59:47;False;0.8168968910598552;True;False
3543;82327674;3370154221;1375614.0;1.0;12.08.2017 00:11:51;False;0.05024869538840671;False;True
3610;43276219;3355944219;1333179.0;1.0;04.08.2017 22:29:17;False;0.054860007671294626;False;True
3612;19672354;3354345479;2586976.0;1.0;04.08.2017 05:09:46;False;0.00014349848083626207;False;True
3614;86751819;3353738510;1846548.0;1.0;03.08.2017 19:00:49;False;0.6294573293443751;True;False
3619;19672354;3352190511;2586976.0;1.0;02.08.2017 22:23:57;True;0.7710941458291958;True;True
3654;132851371;3366363258;1883502.0;1.0;10.08.2017 05:03:37;False;0.0595668252898099;False;True
3656;72312627;3364267872;2163.0;1.0;09.08.2017 01:16:50;False;0.08397099634863336;False;True
3657;72312627;3362175204;2163.0;1.0;07.08.2017 21:34:48;True;0.39835015528487233;False;False
3659;148215639;3356160859;3331948.0;1.0;05.08.2017 01:58:31;True;0.8938782786350333;True;True
3660;132851371;3354345479;1883502.0;1.0;04.08.2017 05:09:46;True;0.8566940167836261;True;True
3662;126417273;3354162376;2880140.0;1.0;04.08.2017 01:07:51;False;0.23277943417558142;False;True
3663;180012313;3354120039;2581813.0;1.0;04.08.2017 00:21:27;False;0.018338437604631067;False;True
3666;101450083;3354031843;1838315.0;1.0;03.08.2017 22:59:58;False;0.039607351747074054;False;True
3668;72312627;3352286942;2163.0;1.0;02.08.2017 23:55:41;True;0.7307247790174173;True;True
3674;194521913;3280002255;NaN;1.0;28.06.2017 22:15:53;True;0.9298282524143061;True;True
3678;126417273;3278815320;2880140.0;1.0;28.06.2017 10:58:59;True;0.9786692114188633;True;True
3684;86725175;3278232189;46.0;1.0;28.06.2017 01:24:39;True;0.8685349885698367;True;True
3700;43276219;3276456688;1333179.0;1.0;27.06.2017 06:05:49;False;0.012911748698007677;False;True
3707;126417273;3275248394;2880140.0;1.0;26.06.2017 15:18:00;False;0.1913620818275539;False;True
3708;126417273;3274927926;2880140.0;1.0;26.06.2017 12:19:55;True;0.5236929636552413;True;True
3710;90892734;3369858045;5.0;1.0;11.08.2017 20:30:56;False;0.10635650523215888;False;True
3711;132851371;3368300783;1883502.0;1.0;11.08.2017 04:44:30;False;0.5197207147993365;True;False
3712;72312627;3368249009;2163.0;1.0;11.08.2017 03:39:37;False;0.1908976179740395;False;True
3713;148215639;3366419778;3331948.0;1.0;10.08.2017 06:04:12;True;0.752524426478393;True;True
3715;132851371;3364210383;1883502.0;1.0;09.08.2017 00:11:44;True;0.9587432684362115;True;True
3716;148215639;3364084016;3331948.0;1.0;08.08.2017 22:13:24;True;0.9082151691070862;True;True
3717;86725175;3362526195;46.0;1.0;08.08.2017 04:20:23;True;0.9991544183225779;True;True
3721;86751819;3357890369;1846548.0;1.0;05.08.2017 19:59:02;False;0.06694482529395733;False;True
3724;43276219;3356274394;1333179.0;1.0;05.08.2017 04:19:59;True;0.9390605731153513;True;True
3728;86751819;3355887483;1846548.0;1.0;04.08.2017 21:40:23;False;0.1331992874531332;False;True
3729;180012313;3355838924;2581813.0;1.0;04.08.2017 21:12:51;False;0.07916617241498947;False;True
3732;194521913;3355741305;NaN;1.0;04.08.2017 19:54:11;False;0.06776231565847907;False;True
3736;180012313;3353738510;2581813.0;1.0;03.08.2017 19:00:49;True;0.835345442821605;True;True
3737;101450083;3352509754;1838315.0;1.0;03.08.2017 04:58:39;False;0.11833292606704243;False;True
3738;72312627;3352505678;2163.0;1.0;03.08.2017 04:52:31;False;0.25312976763779416;False;True
3741;43276219;3352416060;1333179.0;1.0;03.08.2017 02:50:47;False;0.1954257229142139;False;True
3747;194521913;3352267755;NaN;1.0;02.08.2017 23:39:05;False;0.008821735511159003;False;True
3748;86725175;3352220260;46.0;1.0;02.08.2017 22:47:15;False;0.04826689744125833;False;True
3749;148215639;3352163167;3331948.0;1.0;02.08.2017 21:57:30;True;0.9971398285113611;True;True
3750;101450083;3352104337;1838315.0;1.0;02.08.2017 20:58:28;True;0.8024939928678779;True;True
3751;132851371;3352100275;1883502.0;1.0;02.08.2017 20:58:07;True;0.625637058838955;True;True
3752;72312627;3352061045;2163.0;1.0;02.08.2017 20:18:48;True;0.3960867949729883;False;False
3761;148215639;3280710379;3331948.0;1.0;29.06.2017 09:45:51;False;0.030471139188077832;False;True
3764;315657960;3280495952;NaN;1.0;29.06.2017 06:52:24;False;0.06599090110337809;False;True
3773;148215639;3278894409;3331948.0;1.0;28.06.2017 11:49:29;True;0.9365287748252834;True;True
3789;101450083;3277009111;1838315.0;1.0;27.06.2017 12:56:47;True;0.5910546411986274;True;True
3794;148215639;3276453310;3331948.0;1.0;27.06.2017 06:02:22;True;0.6821997661457867;True;True
3803;180012313;3274481444;2581813.0;1.0;26.06.2017 07:18:54;True;0.8876057017422357;True;True
3832;19672354;3353737069;2586976.0;1.0;03.08.2017 19:01:52;False;0.06068972556655982;False;True
3835;132851371;3368387319;1883502.0;1.0;11.08.2017 06:20:14;True;0.9927410037015227;True;True
3839;101450083;3354180190;1838315.0;1.0;04.08.2017 01:31:59;True;0.9204439392108034;True;True
3847;43276219;3278590724;1333179.0;1.0;28.06.2017 08:09:12;True;0.9964856052949407;True;True
3853;43276219;3276229201;1333179.0;1.0;27.06.2017 01:37:12;True;0.7245108573210532;True;True
3958;137193239;3356083896;2640025.0;1.0;05.08.2017 00:30:57;True;0.8415833490805843;True;True
3990;137193239;3276519753;2640025.0;1.0;27.06.2017 07:09:15;True;0.995147762449567;True;True
4009;315657960;3282203829;NaN;1.0;30.06.2017 00:45:23;False;0.04998449136013282;False;True
4025;72312627;3368158118;2163.0;1.0;11.08.2017 01:32:37;True;0.8568686783053522;True;True
4026;132851371;3366419778;1883502.0;1.0;10.08.2017 06:04:12;False;0.029602134408036784;False;True
4027;90892734;3366289447;5.0;1.0;10.08.2017 03:33:35;False;0.08333492605575983;False;True
4028;315657960;3366042233;NaN;1.0;09.08.2017 22:56:50;False;0.14511878854709664;False;True
4029;72312627;3364308762;2163.0;1.0;09.08.2017 02:09:23;True;0.9917367123932767;True;True
4030;180012313;3362458643;2581813.0;1.0;08.08.2017 02:49:25;False;0.054278362534243056;False;True
4031;86745912;3362390555;39.0;1.0;08.08.2017 01:14:35;False;0.6675224848365884;True;False
4032;90892734;3362175204;5.0;1.0;07.08.2017 21:34:48;False;0.6774628205800505;True;False
4033;90892734;3362113115;5.0;1.0;07.08.2017 20:37:50;True;0.9967191754323569;True;True
4034;90892734;3358232771;5.0;1.0;06.08.2017 00:16:10;True;0.9752853959476042;True;True
4036;86751819;3358157593;1846548.0;1.0;05.08.2017 23:09:11;False;0.06509242781322058;False;True
4037;132309493;3358153024;2108395.0;1.0;05.08.2017 23:04:56;False;0.30040760162325775;False;True
4038;315657960;3358105051;NaN;1.0;05.08.2017 22:26:41;False;0.43135805715281783;False;True
4039;86745912;3357974421;39.0;1.0;05.08.2017 20:52:25;True;0.8695362230167392;True;True
4040;132851371;3357892393;1883502.0;1.0;05.08.2017 20:01:05;True;0.9991059193885076;True;True
4041;180012313;3357885749;2581813.0;1.0;05.08.2017 19:55:42;False;0.2874251587608154;False;True
4042;132309493;3356245174;2108395.0;1.0;05.08.2017 03:43:15;True;0.9989076536098912;True;True
4043;180012313;3356214219;2581813.0;1.0;05.08.2017 03:08:38;True;0.9989726613155291;True;True
4044;132309493;3356102779;2108395.0;1.0;05.08.2017 00:49:23;True;0.9927352148830993;True;True
4045;86745912;3355980143;39.0;1.0;04.08.2017 22:54:45;True;0.9106709487322913;True;True
4046;315657960;3355938154;NaN;1.0;04.08.2017 22:20:17;True;0.9995008528474747;True;True
4047;43276219;3355853872;1333179.0;1.0;04.08.2017 21:19:29;False;0.2477454437946875;False;True
4048;86745912;3355646788;39.0;1.0;04.08.2017 19:00:37;True;0.9573584259305554;True;True
4049;132851371;3354286673;1883502.0;1.0;04.08.2017 03:57:07;True;0.998593476329477;True;True
4050;72312627;3354247448;2163.0;1.0;04.08.2017 03:03:57;True;0.6580405052326221;True;True
4051;101450083;3354220626;1838315.0;1.0;04.08.2017 02:25:48;False;0.026235103906686246;False;True
4052;43276219;3354159000;1333179.0;1.0;04.08.2017 01:02:49;False;0.02415800917016565;False;True
4054;90892734;3354057627;5.0;1.0;03.08.2017 23:24:35;False;0.10303353723488164;False;True
4055;72312627;3354000170;2163.0;1.0;03.08.2017 22:26:45;True;0.9980853114817385;True;True
4056;86745912;3353989523;39.0;1.0;03.08.2017 22:21:07;True;0.5998593228214342;True;True
4057;86745912;3353916502;39.0;1.0;03.08.2017 21:14:52;True;0.9845251929197243;True;True
4058;148215639;3353737967;3331948.0;1.0;03.08.2017 19:01:37;True;0.989464625552383;True;True
4059;132309493;3352464853;2108395.0;1.0;03.08.2017 03:57:26;True;0.9956974107342981;True;True
4061;86751819;3352409888;1846548.0;1.0;03.08.2017 02:36:05;False;0.0078279987586231;False;True
4062;315657960;3352405556;NaN;1.0;03.08.2017 02:37:30;False;0.4333269481609018;False;True
4063;86751819;3352367990;1846548.0;1.0;03.08.2017 01:37:41;False;0.07306418627294686;False;True
4064;72312627;3352327788;2163.0;1.0;03.08.2017 00:42:13;True;0.9990738037362045;True;True
4065;90892734;3352200165;5.0;1.0;02.08.2017 22:32:24;True;0.9952052370484946;True;True
4066;126417273;3351973181;2880140.0;1.0;02.08.2017 19:05:48;False;0.12287106229988859;False;True
4067;86745912;3351963840;39.0;1.0;02.08.2017 19:01:53;True;0.9937501536107917;True;True
4068;86751819;3281992071;1846548.0;1.0;29.06.2017 21:48:42;True;0.9998147133973406;True;True
4071;86751819;3281132641;1846548.0;1.0;29.06.2017 14:08:51;True;0.41536783178908177;False;False
4077;86751819;3279564078;1846548.0;1.0;28.06.2017 17:44:52;False;0.09348752380516498;False;True
4081;315657960;3278590724;NaN;1.0;28.06.2017 08:09:12;False;0.04888419706974049;False;True
4082;148215639;3278549233;3331948.0;1.0;28.06.2017 07:32:46;True;0.9829793664155202;True;True
4103;86751819;3276104603;1846548.0;1.0;26.06.2017 23:33:50;True;0.9238397949638091;True;True
4108;86751819;3275399089;1846548.0;1.0;26.06.2017 16:30:55;True;0.9810268931489444;True;True
4118;315657960;3366096005;NaN;1.0;09.08.2017 23:44:48;False;0.05529679255676101;False;True
4119;86725175;3364482110;46.0;1.0;09.08.2017 05:51:17;True;0.9244688445235654;True;True
4120;86725175;3364409216;46.0;1.0;09.08.2017 04:26:09;True;0.9942300596849049;True;True
4121;132851371;3364162010;1883502.0;1.0;08.08.2017 23:22:33;True;0.9605120618878245;True;True
4122;137193239;3362675038;2640025.0;1.0;08.08.2017 07:16:56;False;0.0071718472605970165;False;True
4123;90892734;3362247584;5.0;1.0;07.08.2017 22:42:49;True;0.9984046384775892;True;True
4124;132851371;3358299746;1883502.0;1.0;06.08.2017 01:15:54;True;0.9396236111409597;True;True
4127;132309493;3358069339;2108395.0;1.0;05.08.2017 22:02:14;False;0.08220826792709927;False;True
4128;137193239;3358068997;2640025.0;1.0;05.08.2017 22:02:27;False;0.209159377162654;False;True
4129;126417273;3358044227;2880140.0;1.0;05.08.2017 21:40:15;False;0.0480279143140351;False;True
4130;90892734;3357890369;5.0;1.0;05.08.2017 19:59:02;True;0.976205972203573;True;True
4131;86725175;3356251885;46.0;1.0;05.08.2017 03:52:33;False;0.4108859739378685;False;True
4132;315657960;3356160859;NaN;1.0;05.08.2017 01:58:31;False;0.04733517169056088;False;True
4133;86751819;3356148145;1846548.0;1.0;05.08.2017 01:39:36;False;0.04175313874683141;False;True
4134;101450083;3356066834;1838315.0;1.0;05.08.2017 00:13:34;True;0.9857236175534576;True;True
4135;194521913;3356035808;NaN;1.0;04.08.2017 23:43:07;False;0.07139036665282855;False;True
4136;194521913;3355980143;NaN;1.0;04.08.2017 22:54:45;False;0.024191441967043262;False;True
4137;132851371;3355887483;1883502.0;1.0;04.08.2017 21:40:23;True;0.7652683701058733;True;True
4138;315657960;3355838924;NaN;1.0;04.08.2017 21:12:51;True;0.8396967217257656;True;True
4139;86725175;3355751279;46.0;1.0;04.08.2017 20:01:20;True;0.9984101525092243;True;True
4140;132309493;3355657953;2108395.0;1.0;04.08.2017 19:00:43;True;0.7451371204119472;True;True
4141;86725175;3355653623;46.0;1.0;04.08.2017 19:00:56;True;0.9851517960817616;True;True
4142;180012313;3354341710;2581813.0;1.0;04.08.2017 05:02:36;False;0.03499809112416046;False;True
4143;315657960;3354297698;NaN;1.0;04.08.2017 04:08:31;True;0.6570630964403499;True;True
4144;315657960;3354249527;NaN;1.0;04.08.2017 03:04:45;True;0.9942994329879546;True;True
4146;132309493;3354167956;2108395.0;1.0;04.08.2017 01:13:50;True;0.9734459633360373;True;True
4148;137193239;3353901258;2640025.0;1.0;03.08.2017 21:03:58;True;0.9039258296603409;True;True
4149;86751819;3353841477;1846548.0;1.0;03.08.2017 20:14:55;True;0.8831801572915432;True;True
4150;148215639;3352367990;3331948.0;1.0;03.08.2017 01:37:41;True;0.9901003865173118;True;True
4151;315657960;3352363731;NaN;1.0;03.08.2017 01:30:59;True;0.7880566928382354;True;True
4152;132851371;3352153962;1883502.0;1.0;02.08.2017 21:44:38;True;0.8749722063461105;True;True
4153;137193239;3352061045;2640025.0;1.0;02.08.2017 20:18:48;False;0.6252424961773694;True;False
4155;137193239;3351961375;2640025.0;1.0;02.08.2017 19:06:08;False;0.35626252568885614;False;True
4156;315657960;3282333669;NaN;1.0;30.06.2017 03:13:11;True;0.984064397444021;True;True
4160;148215639;3281076896;3331948.0;1.0;29.06.2017 13:36:38;True;0.9127479684813876;True;True
4161;180012313;3280960198;2581813.0;1.0;29.06.2017 12:26:52;True;0.8279061410177224;True;True
4163;180012313;3280678605;2581813.0;1.0;29.06.2017 09:22:58;True;0.9930475963342345;True;True
4165;315657960;3280219317;NaN;1.0;29.06.2017 01:41:23;True;0.99879454190206;True;True
4172;86725175;3278498607;46.0;1.0;28.06.2017 06:43:16;False;0.11553605638034775;False;True
4173;180012313;3278458053;2581813.0;1.0;28.06.2017 06:01:21;False;0.20224541378461203;False;True
4182;137193239;3277141049;2640025.0;1.0;27.06.2017 14:09:39;True;0.9713670137541442;True;True
4185;132309493;3276630734;2108395.0;1.0;27.06.2017 08:45:22;False;0.28737916985511663;False;True
4190;180012313;3276393537;2581813.0;1.0;27.06.2017 05:00:08;True;0.6165011504767397;True;True
4191;315657960;3276333514;NaN;1.0;27.06.2017 03:51:13;True;0.9993706277947614;True;True
4199;180012313;3275012710;2581813.0;1.0;26.06.2017 13:10:28;True;0.9487972157208193;True;True
4203;19672354;3367983348;2586976.0;1.0;10.08.2017 22:39:03;False;0.08250054757479428;False;True
4204;90892734;3366166505;5.0;1.0;10.08.2017 01:00:06;False;0.031192042269599863;False;True
4205;86745912;3364409216;39.0;1.0;09.08.2017 04:26:09;False;0.010304119922905261;False;True
4207;101450083;3362458643;1838315.0;1.0;08.08.2017 02:49:25;True;0.9649356735303886;True;True
4208;19672354;3358237109;2586976.0;1.0;06.08.2017 00:19:51;True;0.7352800816454231;True;True
4211;72312627;3356251885;2163.0;1.0;05.08.2017 03:52:33;True;0.9931082296181449;True;True
4213;19672354;3356189302;2586976.0;1.0;05.08.2017 02:50:49;False;0.000491066336679497;False;True
4215;86745912;3356035808;39.0;1.0;04.08.2017 23:43:07;True;0.8732486951411706;True;True
4216;86725175;3356009819;46.0;1.0;04.08.2017 23:22:44;True;0.9287208981582729;True;True
4217;101450083;3355760651;1838315.0;1.0;04.08.2017 20:07:40;True;0.35239388467053934;False;False
4218;132309493;3355751343;2108395.0;1.0;04.08.2017 20:01:02;False;0.2547196061607721;False;True
4220;43276219;3354333670;1333179.0;1.0;04.08.2017 04:54:37;False;0.02907156372421055;False;True
4221;86725175;3354167956;46.0;1.0;04.08.2017 01:13:50;False;0.1788391213392892;False;True
4222;19672354;3354058128;2586976.0;1.0;03.08.2017 23:21:44;True;0.8080494930192649;True;True
4223;132309493;3353935010;2108395.0;1.0;03.08.2017 21:31:47;False;0.7790628013775378;True;False
4224;19672354;3353852872;2586976.0;1.0;03.08.2017 20:26:53;True;0.5303099159670315;True;True
4225;101450083;3352461389;1838315.0;1.0;03.08.2017 03:56:12;False;0.02472612366784564;False;True
4226;101450083;3352267755;1838315.0;1.0;02.08.2017 23:39:05;True;0.9972103588351129;True;True
4227;19672354;3352119361;2586976.0;1.0;02.08.2017 21:10:35;True;0.834815208568921;True;True
4230;86751819;3279352903;1846548.0;1.0;28.06.2017 16:05:50;True;0.8689753658709067;True;True
4244;132309493;3356044327;2108395.0;1.0;04.08.2017 23:49:37;False;0.3817685878695873;False;True
4248;126417273;3355653623;2880140.0;1.0;04.08.2017 19:00:56;False;0.13675123103119005;False;True
4286;132309493;3274394099;2108395.0;1.0;26.06.2017 06:01:39;True;0.7993291606100033;True;True
4296;86725175;3367820228;46.0;1.0;10.08.2017 20:27:49;False;0.32271096720020853;False;True
4297;72312627;3362113115;2163.0;1.0;07.08.2017 20:37:50;False;0.014712589155318605;False;True
4298;43276219;3358228417;1333179.0;1.0;06.08.2017 00:07:41;True;0.8986041951915189;True;True
4299;194521913;3357986778;NaN;1.0;05.08.2017 20:59:53;True;0.9782417086390234;True;True
4300;315657960;3357952027;NaN;1.0;05.08.2017 20:37:55;False;0.21845534641421235;False;True
4302;137193239;3356371427;2640025.0;1.0;05.08.2017 05:55:03;False;0.6552949195330955;True;False
4303;86725175;3356308437;46.0;1.0;05.08.2017 04:53:06;False;0.5730278424543904;True;False
4304;194521913;3356245174;NaN;1.0;05.08.2017 03:43:15;False;0.8398808244872078;True;False
4308;148215639;3355859622;3331948.0;1.0;04.08.2017 21:22:36;True;0.8585577925871095;True;True
4309;137193239;3355751343;2640025.0;1.0;04.08.2017 20:01:02;True;0.993915563775407;True;True
4310;101450083;3355646788;1838315.0;1.0;04.08.2017 19:00:37;False;0.0739119338420963;False;True
4311;137193239;3354220626;2640025.0;1.0;04.08.2017 02:25:48;True;0.9871369641192144;True;True
4312;137193239;3353994974;2640025.0;1.0;03.08.2017 22:24:03;True;0.9690215209633073;True;True
4313;86725175;3353989523;46.0;1.0;03.08.2017 22:21:07;False;0.00852167521871351;False;True
4314;90892734;3353837163;5.0;1.0;03.08.2017 20:13:37;True;0.9449558995218794;True;True
4315;90892734;3353742932;5.0;1.0;03.08.2017 19:04:10;True;0.6085879911791725;True;True
4316;132851371;3353737967;1883502.0;1.0;03.08.2017 19:01:37;False;0.5257650283322197;True;False
4317;126417273;3352464853;2880140.0;1.0;03.08.2017 03:57:26;False;0.10057642308706399;False;True
4318;86725175;3352455755;46.0;1.0;03.08.2017 03:44:26;True;0.989979538218099;True;True
4319;137193239;3352328440;2640025.0;1.0;03.08.2017 00:41:50;True;0.9962858997934833;True;True
4320;180012313;3352163167;2581813.0;1.0;02.08.2017 21:57:30;False;0.0037192457290405995;False;True
4326;86751819;3281023107;1846548.0;1.0;29.06.2017 13:04:47;True;0.9531146535192934;True;True
4327;148215639;3280962519;3331948.0;1.0;29.06.2017 12:28:16;True;0.9634705569922837;True;True
4329;148215639;3280624478;3331948.0;1.0;29.06.2017 08:41:21;True;0.9682561394538713;True;True
4331;315657960;3280437500;NaN;1.0;29.06.2017 05:57:10;True;0.5111387039603069;True;True
4334;137193239;3279048358;2640025.0;1.0;28.06.2017 13:23:45;True;0.9912889774709825;True;True
4341;101450083;3278008510;1838315.0;1.0;27.06.2017 22:03:22;True;0.9885631178786992;True;True
4345;137193239;3276957488;2640025.0;1.0;27.06.2017 12:26:57;False;0.017627831418807693;False;True
4346;180012313;3276779761;2581813.0;1.0;27.06.2017 10:36:11;False;0.2980243636913706;False;True
4354;315657960;3276384723;NaN;1.0;27.06.2017 04:50:45;True;0.9692954972541631;True;True
4389;180012313;3277066837;2581813.0;1.0;27.06.2017 13:27:44;False;0.06192387252914572;False;True
4431;82327674;3366236403;1375614.0;1.0;10.08.2017 02:21:53;False;0.29967414760892613;False;True
4436;82327674;3357892393;1375614.0;1.0;05.08.2017 20:01:05;False;0.508743644993177;True;False
4437;82327674;3357766680;1375614.0;1.0;05.08.2017 19:00:22;True;0.9684605612540318;True;True
4438;86745912;3356321398;39.0;1.0;05.08.2017 05:06:36;False;0.10460348885948761;False;True
4439;86745912;3356260301;39.0;1.0;05.08.2017 04:03:27;True;0.9981860557277626;True;True
4446;86745912;3352328440;39.0;1.0;03.08.2017 00:41:50;False;0.06687277442058823;False;True
4455;315657960;3358205135;NaN;1.0;05.08.2017 23:50:33;False;0.49613123694132033;False;True
4456;43276219;3358157593;1333179.0;1.0;05.08.2017 23:09:11;True;0.8532640096835417;True;True
4458;315657960;3356203915;NaN;1.0;05.08.2017 02:51:28;True;0.5162564302701238;True;True
4461;43276219;3354101340;1333179.0;1.0;04.08.2017 00:06:05;True;0.6245153258696319;True;True
4462;315657960;3353742932;NaN;1.0;03.08.2017 19:04:10;False;0.31666348873295874;False;True
4463;126417273;3352427223;2880140.0;1.0;03.08.2017 03:02:41;False;0.02746199923537504;False;True
4465;180012313;3352383050;2581813.0;1.0;03.08.2017 01:59:51;False;0.0033279253366625614;False;True
4466;86725175;3352104337;46.0;1.0;02.08.2017 20:58:28;False;0.030147794678050028;False;True
4467;315657960;3352100275;NaN;1.0;02.08.2017 20:58:07;False;0.03594877808138565;False;True
4468;86745912;3352043080;39.0;1.0;02.08.2017 20:05:14;False;0.0502627187431503;False;True
4469;86725175;3282102427;46.0;1.0;29.06.2017 23:14:34;False;0.19860322852695775;False;True
4470;86725175;3282010340;46.0;1.0;29.06.2017 22:02:47;False;0.4462767557389233;False;True
4472;180012313;3280868403;2581813.0;1.0;29.06.2017 11:31:06;True;0.9944812217173026;True;True
4473;86725175;3280290578;46.0;1.0;29.06.2017 03:15:53;True;0.9667811584918123;True;True
4475;315657960;3278675143;NaN;1.0;28.06.2017 09:18:21;False;0.015317431715305342;False;True
4477;315657960;3278365944;NaN;1.0;28.06.2017 04:18:18;True;0.8967159573631747;True;True
4479;194521913;3277897323;NaN;1.0;27.06.2017 20:44:34;True;0.9886150388000741;True;True
4480;132309493;3277609129;2108395.0;1.0;27.06.2017 17:57:24;True;0.9976378975682624;True;True
4485;315657960;3276098324;NaN;1.0;26.06.2017 23:28:40;False;0.10675156322271563;False;True
4488;86725175;3275808794;46.0;1.0;26.06.2017 20:00:13;True;0.9231191135189407;True;True
4495;101450083;3364308762;1838315.0;1.0;09.08.2017 02:09:23;False;0.04998908023098476;False;True
4496;19672354;3362609879;2586976.0;1.0;08.08.2017 06:02:12;True;0.9956650047036985;True;True
4497;132851371;3357766680;1883502.0;1.0;05.08.2017 19:00:22;False;0.07034950235171734;False;True
4498;148215639;3356203915;3331948.0;1.0;05.08.2017 02:51:28;False;0.015554785613026504;False;True
4501;86751819;3355805274;1846548.0;1.0;04.08.2017 20:40:34;False;0.003827913476716555;False;True
4502;86725175;3354219214;46.0;1.0;04.08.2017 02:21:37;True;0.9975039855064911;True;True
4503;148215639;3353838092;3331948.0;1.0;03.08.2017 20:14:37;True;0.22959258592843654;False;False
4504;19672354;3352363731;2586976.0;1.0;03.08.2017 01:30:59;False;0.01288931719504994;False;True
4515;148215639;3276616978;3331948.0;1.0;27.06.2017 08:34:30;False;0.048321741723599425;False;True
4709;19672354;3365946637;2586976.0;1.0;09.08.2017 21:37:56;True;0.8043961729779658;True;True
4710;132309493;3364084016;2108395.0;1.0;08.08.2017 22:13:24;False;0.17387965268121613;False;True
4717;43276219;3354284596;1333179.0;1.0;04.08.2017 03:57:55;False;0.017421096402191;False;True
4718;132309493;3354219214;2108395.0;1.0;04.08.2017 02:21:37;False;0.021700845191392416;False;True
4720;132309493;3354031843;2108395.0;1.0;03.08.2017 22:59:58;True;0.9824347540038016;True;True
4722;132309493;3352427223;2108395.0;1.0;03.08.2017 03:02:41;True;0.5840044199735079;True;True
4723;43276219;3352382741;1333179.0;1.0;03.08.2017 01:58:07;False;0.030764050804806105;False;True
4735;132309493;3365946637;2108395.0;1.0;09.08.2017 21:37:56;False;0.10798559469311568;False;True
4736;132309493;3365858882;2108395.0;1.0;09.08.2017 20:30:02;False;0.044465048081584545;False;True
4737;101450083;3364351128;1838315.0;1.0;09.08.2017 03:09:04;False;0.18618228298661493;False;True
4738;126417273;3357974421;2880140.0;1.0;05.08.2017 20:52:25;False;0.01732477181015045;False;True
4739;132851371;3355805274;1883502.0;1.0;04.08.2017 20:40:34;True;0.9990015064284711;True;True
4740;180012313;3354292598;2581813.0;1.0;04.08.2017 04:04:38;True;0.9879055561886725;True;True
4741;86725175;3351993496;46.0;1.0;02.08.2017 19:26:10;True;0.9369463318595455;True;True
4746;137193239;3278458756;2640025.0;1.0;28.06.2017 06:02:03;False;0.02308909192492513;False;True
4750;132309493;3275405570;2108395.0;1.0;26.06.2017 16:33:35;True;0.9998251132168963;True;True
4800;132309493;3363973439;2108395.0;1.0;08.08.2017 20:41:21;False;0.4550639417502601;False;True
4801;194521913;3358068997;NaN;1.0;05.08.2017 22:02:27;True;0.7202308565924852;True;True
4802;137193239;3356009819;2640025.0;1.0;04.08.2017 23:22:44;False;0.05458860757266461;False;True
4803;126417273;3356007093;2880140.0;1.0;04.08.2017 23:25:41;False;0.003442203597334747;False;True
4804;86751819;3354297698;1846548.0;1.0;04.08.2017 04:08:31;False;0.10110116437860292;False;True
4805;194521913;3354214459;NaN;1.0;04.08.2017 02:14:49;False;0.05404844946261694;False;True
4807;180012313;3353841477;2581813.0;1.0;03.08.2017 20:14:55;False;0.019513429866240065;False;True
4812;194521913;3282300073;NaN;1.0;30.06.2017 02:27:25;True;0.6174532346412529;True;True
4813;194521913;3282193242;NaN;1.0;30.06.2017 00:34:45;True;0.8402588943495141;True;True
4819;86725175;3280219317;46.0;1.0;29.06.2017 01:41:23;False;0.2983261520993994;False;True
4827;194521913;3278554450;NaN;1.0;28.06.2017 07:37:17;True;0.9703959900642855;True;True
4832;194521913;3278370778;NaN;1.0;28.06.2017 04:23:56;False;0.016677779991094554;False;True
4834;194521913;3278171855;NaN;1.0;28.06.2017 00:18:42;True;0.7506387432062233;True;True
4837;315657960;3277991178;NaN;1.0;27.06.2017 21:50:56;False;0.005488823500268218;False;True
4842;86751819;3277691703;1846548.0;1.0;27.06.2017 18:39:22;False;0.007276877888411639;False;True
4849;43276219;3276543914;1333179.0;1.0;27.06.2017 07:31:00;True;0.6307471077527806;True;True
4934;43276219;3362526195;1333179.0;1.0;08.08.2017 04:20:23;False;0.016213240951626625;False;True
4935;43276219;3357776957;1333179.0;1.0;05.08.2017 19:00:24;True;0.9793482043900172;True;True
4936;86725175;3352275698;46.0;1.0;02.08.2017 23:44:15;False;0.21761121110712145;False;True
4978;82327674;3355934709;1375614.0;1.0;04.08.2017 22:18:45;False;0.044073172738940056;False;True
5134;101450083;3358109772;1838315.0;1.0;05.08.2017 22:28:45;False;0.040432436024562625;False;True
5136;137193239;3352291980;2640025.0;1.0;03.08.2017 00:02:08;False;0.006826900067747772;False;True
5140;315657960;3280290578;NaN;1.0;29.06.2017 03:15:53;False;0.02467980493649822;False;True
5145;86725175;3278326373;46.0;1.0;28.06.2017 03:28:05;False;0.016029047954864952;False;True
5150;86725175;3276392063;46.0;1.0;27.06.2017 04:58:35;True;0.9962934518238635;True;True
5151;86725175;3276090822;46.0;1.0;26.06.2017 23:22:43;True;0.8964629469884832;True;True
5178;43276219;3357952027;1333179.0;1.0;05.08.2017 20:37:55;True;0.5570844972054658;True;True
5180;86751819;3280916901;1846548.0;1.0;29.06.2017 12:00:53;False;0.368380574361914;False;True
5182;86751819;3279245214;1846548.0;1.0;28.06.2017 15:13:09;False;0.04447505674604611;False;True
5186;86751819;3277799119;1846548.0;1.0;27.06.2017 19:41:06;True;0.9430051648001067;True;True
5354;86751819;3281917774;1846548.0;1.0;29.06.2017 20:50:34;True;0.9982455453798652;True;True
